deployment_id,latency_ms,error_rate,cpu_usage,memory_usage,success
0,224.83570765056163,0.37651046538023336,61.036484914653315,88.5494105592976,1
1,193.08678494144075,0.33888090666962906,54.46569340908742,90.45034955641972,1
2,232.38442690503462,0.3348569220323233,33.46210409490453,54.931880415473984,1
3,276.15149282040124,0.4399464109094162,52.47553844184237,61.96296629623431,0
4,188.2923312638332,0.497787642697174,37.20730109158022,88.25535619449866,0
5,188.29315215254098,0.20598588339659363,84.03895048961583,82.436007503429,1
6,278.9606407753696,0.40813906184891696,43.47847694474429,30.237660237402203,0
7,238.37173645764545,0.47038898695571607,86.65848101733606,50.80387167193287,0
8,176.52628070325238,0.25819314871414745,57.31387030662978,57.415325725848184,0
9,227.12800217929822,0.4151180170619966,64.20810650733122,44.93155843941006,0
10,176.82911535937689,0.11089240746779236,58.00583111425294,42.97215503323602,1
11,176.71351232148714,0.21249843868649865,29.05664318766906,32.455992928719176,1
12,212.0981135783017,0.4317672500483007,46.30748533055586,71.81903212953443,0
13,104.33598776711011,0.5679516155155995,26.940227859433676,47.06316888140577,0
14,113.75410837434836,0.3452815585748965,63.60678309283672,33.40256659803535,0
15,171.88562353795137,0.3126495285539732,51.281193664030724,45.013655184324136,1
16,149.35844398327882,0.17530996188866108,74.45894800996558,82.12440693434823,1
17,215.7123666297637,0.7777261837075549,35.43293366995589,85.34679680702553,0
18,154.59879622393944,0.31965237212640535,31.519624090053444,61.39930593756468,1
19,129.38481493323542,0.06039203154803854,48.443256167463744,57.0445935765646,0
20,273.2824384460777,0.21767561927151582,84.86097682528668,93.56049007761581,1
21,188.7111849756732,0.4233910425225104,69.72952705086882,43.03670287322454,0
22,203.3764102343962,0.08575359616064851,49.324653735504306,43.99835338554955,1
23,128.76259068932717,0.24114210026316804,56.20905188280174,48.971366507365985,1
24,172.78086377374086,0.10682136950093098,25.894910782396884,41.229225688270674,1
25,205.5461294854933,0.39399743206671656,88.92031274632792,54.65876388327213,1
26,142.45032112888487,0.25572263337086576,66.64851132864433,89.204224754334,1
27,218.7849009172836,0.3840811292272226,39.978284792439574,69.99760964085732,1
28,169.96806550405975,0.36614580595245383,61.0065875950671,56.77652565979714,1
29,185.41531251033615,0.5816434885743039,27.66376562482958,90.73670164712897,0
30,169.91466938853014,0.5621775612709531,87.60856681653085,33.15017511092845,0
31,292.6139092254469,0.08844444030069641,32.234949151835615,43.66795156362099,1
32,199.3251387631033,0.3446235300029249,65.36212226386499,66.78275933161433,1
33,147.114453552205,0.6095654722173228,37.18181237772513,70.01092050755665,0
34,241.12724560515946,0.3141309765261968,70.22929678539751,32.57123792656986,1
35,138.9578175014489,0.6479463612947148,74.37749570681967,56.19751926396359,0
36,210.44317975023776,0.22650191954925245,67.13938102380028,72.19500771400672,0
37,102.01649380601123,0.4532267059451018,63.01496221786348,75.3745855162211,0
38,133.59069755507846,0.5996218506997747,82.47283657664082,71.4790936635575,0
39,209.84306179345617,0.13623186235398355,25.503869769283064,50.836609583460096,1
40,236.92332899977052,0.2361379497655822,43.164033604613664,36.07880803386412,1
41,208.56841405949854,0.6046614565204121,37.380123574159214,57.76230901725671,0
42,194.21758588058796,0.2920487185984639,89.1609773445795,38.3690384289236,1
43,184.94481522053556,0.4004222737895427,47.257284576681144,91.59553780384337,0
44,126.07390048162863,0.45077109441955576,71.28288894682791,60.88610629147084,0
45,164.00778958026456,0.18480186641013244,67.93076147167032,50.62184633319639,1
46,176.96806145201063,0.41019293380539773,34.84568662341644,79.80976462272851,0
47,252.85611131094578,0.34973434990572005,36.72983761480859,62.36665851784715,1
48,217.18091447842306,0.17561919698936396,39.68991944871239,50.15221156080925,1
49,111.8479922318633,0.2052622268743936,48.77890947815655,82.77790325540211,1
50,216.20419846973977,0.6085560017364287,36.40275459553688,86.36488981507293,0
51,180.74588597918418,0.14165877053537307,21.375603792279346,73.745530808764,0
52,166.15389998470206,0.43593946275941003,81.55751397650369,33.052687456498376,0
53,230.5838144420434,0.3082365330185971,87.59268819666188,66.81098721082458,1
54,251.54997612479755,0.45500639880107346,43.909927092209756,79.6141692798233,0
55,246.56400595580993,0.42754908476185066,43.695481559783104,38.87269578543284,0
56,158.03912383886808,0.2781861683282088,20.496426894205968,44.86359883999922,1
57,184.53938120743928,0.18524055235766115,67.61754818312619,87.36218182942886,0
58,216.5631715701782,0.5553171992560851,77.78079270240401,31.30791192044981,0
59,248.77725635611796,0.5031820579410835,30.26258102520022,78.92726395868844,0
60,176.0412881077355,0.32184672035858475,31.176644455700554,60.79526401343749,1
61,190.71705116680914,0.2940375021670958,75.30582749800064,59.040190324574446,1
62,144.68325129969858,0.12544938510343312,63.14035238479013,30.461274612167667,1
63,140.18966879596647,0.44440125056011115,23.14023903394019,83.26088501282203,0
64,240.6262911197099,0.5757688148776429,63.57828933235972,53.38861854137682,0
65,267.8120014285412,0.12381086556612016,41.624240599063626,65.14976603453529,1
66,196.3994939209833,0.14174247492062755,45.810760882959215,74.02454461181787,1
67,250.17664489460122,0.18727519902269188,73.88119928078162,75.67092246846452,1
68,218.0818012523817,0.19126728643193613,76.76546348708274,92.1387038236947,1
69,167.7440122697438,0.2750086185191396,48.02496387878814,64.53709696037959,0
70,218.0697802754207,0.2594732652222252,86.30070552044484,55.98177081333779,1
71,276.90182832329845,0.11601733753096195,48.45239025664506,91.99073572196102,1
72,198.20869804450243,0.5878548997680135,74.02852246610769,71.73716527665887,0
73,278.23218279070034,0.14184427607987107,53.87140851949813,49.37977315797612,1
74,69.01274479551279,0.26709409153878366,82.82726285654589,38.22017595123212,1
75,241.09512521876118,0.16934940183695033,83.54328705551251,84.76604259523678,1
76,204.35235341190855,0.5051295998717548,26.11917655097587,53.54180418161985,0
77,185.04963247670662,0.21522630115591282,85.5545331917158,72.93053188868802,1
78,204.58803882677512,0.30267928438841163,77.78743890642909,60.60306725878338,0
79,100.62155426995535,0.6043368946581595,75.39175000188668,42.93043568667749,0
80,189.01640560812442,0.22644282471136645,34.063793777986575,69.10962956033023,1
81,217.85562857558733,0.33001023491704745,76.35834461282654,33.94439948179435,1
82,273.8947022370758,0.15526763571837746,79.50929142795258,56.8672598916275,0
83,174.08648908631764,0.2640383541633144,40.24052341179056,65.52997107813862,1
84,159.5753198553406,0.3870555710169233,86.65820548536266,58.34305331770764,1
85,174.91214782077316,0.12195815794277094,23.490210247941498,78.6636913913144,0
86,245.7701058851037,0.23073436812794024,30.493647727299777,83.8151220454453,1
87,216.43755548298424,0.33743284497625053,57.630679663606,80.13079981215657,1
88,173.51198981164805,0.07241046297913235,60.30547297856168,32.522841607767134,1
89,225.66337165566782,0.37822073548513974,65.16050583106323,42.61837007898819,1
90,204.85387746740201,0.3194343997975769,21.18783905208265,64.87948810214533,1
91,248.43224952664445,0.19725972017809695,87.22567422354912,90.76343262884708,1
92,164.89734530613237,0.28717210051402103,23.121166491390078,84.27219037838759,1
93,183.61689267011158,0.6008221918617068,30.014336690638167,84.76474304286711,0
94,180.3945923433921,0.09712260572285623,20.98101622682399,49.708532594378866,1
95,126.82425259339408,0.2750073539162113,59.68009033058663,57.91411331011567,1
96,214.8060138532288,0.5045933992123101,85.25868187446805,60.59588657553593,0
97,213.05276360899447,0.15951835961325392,66.6163016256325,40.22915291774417,1
98,200.25567283212305,0.21444346597451258,77.58602279362991,32.01942846588966,1
99,188.27064333124267,0.46315732764973994,20.929684242100606,91.5486884649336,0
100,129.23146289747928,0.27810240669822206,57.94107089358082,45.64631806812794,1
101,178.96773386173206,0.185040538482732,52.169408425386536,45.59667874203603,1
102,182.86427417366153,0.11455555890742458,54.927756095455514,35.41963849496937,1
103,159.88613653891906,0.4228950555098883,25.054922973463157,90.35300387634561,0
104,191.93571441669954,0.6440679634524121,67.91047527485152,67.68291247108519,0
105,220.20254284072692,0.3083255266751108,55.22542904010441,73.35739571314801,1
106,294.3092950605265,0.4105774245043222,73.56041949028848,89.25249767209841,0
107,208.72889064159196,0.19605420588440753,53.97034438432007,52.465310978551315,0
108,212.8775195361382,0.13887477350878247,30.456714535850246,70.39797522397546,1
109,196.27770421169163,0.09852676123919558,65.37798678544755,32.521964557377686,1
110,104.06143923504793,0.36726113123900356,32.067045347361635,42.14021433502341,1
111,198.67430622753915,0.5073793345737749,81.06761943483704,84.03097733084627,0
112,203.01151049705132,0.2364619685412546,62.918136734846904,79.83994316199183,0
113,323.1621056242643,0.4056361401586,31.004271848986797,52.79177494471455,0
114,190.38195176094388,0.26490977098893786,87.36366402368448,54.49269080532381,1
115,215.07736711668062,0.3808117943964557,56.28558243347244,64.68103818098267,1
116,198.26441151473784,0.22533174704489528,25.10289163101585,30.015665304533744,1
117,141.5660981190234,0.04515369517060627,63.87830330905471,45.68088184247181,1
118,257.14114072575103,0.16436603283956178,37.723923490896716,43.53506755953394,1
119,237.5966516343387,0.19143069972773935,76.25854163141116,46.281391538734624,1
120,239.55159735215233,0.2616461141449531,77.24754514963334,82.38387976467368,1
121,154.53062726026306,0.35639372193893865,88.52631490982633,48.1788006755188,1
122,270.13971554680495,0.08073936672491931,55.13086717171526,42.44888593325963,1
123,129.90744686038596,0.10845747547886783,51.8469815809416,62.77712495154705,1
124,229.34285469001352,0.24552664654232526,72.74329238125364,86.26692736422757,1
125,309.5227812904989,0.5453972463065507,29.272945943934857,45.68773074943749,0
126,150.4731837434656,0.3355411391283527,58.28408596551869,35.10485578153192,1
127,171.6851135198614,0.11193257488627385,58.237332009159566,53.166307830228206,1
128,204.98256825438207,0.07861861954219991,26.263118596727104,78.59736859672356,0
129,174.82621729419003,0.22324955997792298,49.25888598548395,65.79488540516165,1
130,122.46682844669337,0.23934489305310983,79.72993589970415,83.09156902233258,1
131,203.42814874030137,0.4691650839986767,79.93075353962621,92.37348959460022,0
132,146.88481431369476,0.10930101287827769,26.946636544377668,81.52306098885511,1
133,223.67962153175907,0.350841738423868,26.35046179234816,69.24720012484397,1
134,154.02878828830984,0.11473327681688954,38.38868339013547,62.06720322340473,1
135,277.496720250877,0.5209560844968074,81.23362437877955,32.604490612637335,0
136,160.83733538318813,0.46291911654104495,29.023180955144927,93.98092862291269,0
137,183.89692418971623,0.4458084306295856,70.39977618392123,54.92627296737776,0
138,240.67586086848348,0.45074564735850964,27.081593372917226,39.89483390459634,0
139,138.45678417830223,0.207768701685737,63.61964976234778,73.33607560076969,1
140,211.37299673020647,0.5530846398930729,44.92471093834014,48.47873879120486,0
141,265.3571377141214,0.2414057853315312,75.22397740761069,68.07558761051808,1
142,119.62583827193862,0.35219914462398455,36.35833141777545,68.13991400989843,1
143,209.2316929266152,0.5623335554103934,64.74412805729719,58.972438358686496,0
144,212.99413971242117,0.066028107172517,36.49777742031195,84.34771001042776,1
145,239.09114358886552,0.47801036279397796,69.95621981785077,47.2228590011038,0
146,138.1524644560959,0.36195574219105253,81.15746241925241,59.16111845515272,0
147,133.9771693457862,0.4016190764260652,28.8761259388732,64.94998835841315,0
148,226.09707828084487,0.14476908879022118,80.66169820168525,73.13560684987448,0
149,214.8492336616593,0.14853618339714061,61.55026780900086,80.9581702828633,0
150,212.52464251729384,0.2673122822770018,28.89773436069168,55.66247338708664,1
151,217.3224104748488,0.2665058948831771,49.92792987517984,71.99305136627873,1
152,165.99876392107547,0.2016844401116823,31.260220543956855,39.789711949453746,1
153,211.6126848580502,0.5191348577625704,69.02435222065986,90.62212653526112,0
154,214.65362366493406,0.012576968831467986,73.12076940925647,54.89882241736523,1
155,164.2824290986816,0.23005953211192406,27.405756419095926,77.4188924284685,1
156,293.28872555723785,0.08916247674529962,55.42978968862511,31.32217032234155,1
157,223.69164604558938,0.5437183231209585,77.0237539218142,43.33716428881245,0
158,140.43482513986757,0.3380641675028336,85.53141290856975,61.66036538103257,1
159,232.82768043169148,0.22099377678765253,55.9462506719239,87.08641040260252,1
160,151.26591648863393,0.12232166966906016,86.5195456527985,64.27158474679402,1
161,239.3542301871226,0.32715774615691906,57.49822793192209,90.44158134910214,0
162,257.9297789503702,0.09997482682028871,47.593334621993556,61.44679827788176,1
163,158.96588408241448,0.33759203987394115,79.37421899870267,61.87919128783675,1
164,248.16880646221608,0.5828544730774738,54.508789732066234,37.783541252534576,0
165,220.63904634682493,0.5490326088038333,53.033175739516615,82.17265586989429,0
166,241.1030079997245,0.1444002153105774,54.321874258687984,46.05275181035906,1
167,294.8396491326974,0.5397886850088234,79.27495013088217,88.47481180920047,0
168,187.73059419985648,0.049103914238015904,78.23590791816365,89.20357432147574,1
169,162.31319178212553,0.2269298672078842,48.24639947081478,91.31515727181973,1
170,155.52427851872383,0.1507116244682386,43.33099019093675,63.81498179170085,1
171,159.2094857517281,0.0397742668078514,54.43496168273905,74.01109601093688,0
172,196.1449145292948,0.41995867755191874,60.09407568159763,80.60353220400813,0
173,217.0575987408322,0.4703209324057288,36.68360474395979,38.515950212280266,0
174,213.83453996650096,0.45932256242566094,75.57685593009134,69.06221767483731,0
175,241.35916245180118,0.2928697416440324,54.053793601269604,32.22936358471526,1
176,200.65009459389535,0.3253208111970423,43.383188389397176,62.34179542026718,1
177,272.67670385786585,0.608299740483025,27.47746950747934,40.064774305314785,0
178,186.7671583381022,0.227995917813659,36.71916122825249,41.8899901875355,1
179,336.00845832948096,0.3285833899501695,86.44968202291886,53.7280918350191,0
180,231.28336738825033,0.188908839828141,41.35697807736686,58.108415836572696,1
181,157.1421221791859,0.4759491652842039,31.82015025569247,70.50620759459217,0
182,146.45537509694438,0.46195246754850827,52.24709541584952,34.83784719850352,0
183,224.12362076215928,0.33552196724204514,41.4961420352174,62.739964480433905,1
184,188.82686073370746,0.2913305263540643,22.46114751898359,41.87063346645157,1
185,235.7000247046046,0.3010360813901332,42.620165209559204,67.30838637706321,1
186,223.66188122867723,0.32719066890772697,58.0876036757628,71.43129979697693,1
187,196.35855436715636,0.06764099286707154,58.619866041397685,66.1861016759355,1
188,157.66031409657975,0.33280396452018296,44.95912448238221,77.98920818108999,1
189,124.25763876570677,0.5689403837780267,51.311192937682044,51.814600875658584,0
190,177.67425239664894,0.16873682327409087,87.58625427643365,79.7319284561535,1
191,242.81993971617362,0.32347850774297826,46.41439340612182,58.12986031103259,1
192,210.7046872065102,0.25951423642259236,38.07587692819881,61.47199239096879,1
193,137.7130610644006,0.21073410761815942,37.0426930846732,72.12663827196964,1
194,208.6590462925591,0.44543893158488235,52.04352288928939,31.193294959949558,0
195,219.26586898644183,0.19252517781702655,73.16641041018607,72.50962439231614,0
196,155.80712818994334,0.4215730229751968,34.41917289319312,70.20803468968751,0
197,207.6862552972764,0.3147556062634345,69.65072889985376,50.14006258896319,1
198,202.9104359223,0.08917514806890406,21.48048763445914,35.57662851846682,0
199,142.85148510846884,0.18139749745536848,49.32530845887622,35.91080424434767,0
200,217.88936801741417,0.2888520759798477,74.31055456419509,90.00954355403985,1
201,228.03922631841172,0.19122046404901066,43.7113069042102,74.80315587967942,1
202,254.15256215876386,0.25463202598101103,59.461597101177965,38.26166989509812,0
203,252.69010260174514,0.26260915795931455,34.348546297813755,53.18700600507891,1
204,131.11653160214544,0.1868577020761625,71.93967737883206,68.51139460360378,0
205,153.10874800424386,0.1235656832485277,23.65953722881317,84.31216083089217,1
206,225.751763360433,0.3590902667010948,79.67798514128503,32.837960366345555,1
207,225.68929754561043,0.007247912732123117,33.87374704951677,45.381153545550575,1
208,225.7523843153024,0.22541229173963975,81.20786221958315,87.8336843691997,1
209,392.63657453273606,0.3682584032090778,44.67704689103621,30.59576076194807,0
210,228.54452553465836,0.47005375734757493,70.58785021321407,43.09094168160268,0
211,256.77828200902997,0.23340795938545686,42.34577084503319,92.33657143824279,1
212,247.70008817466012,0.604550623924786,83.41381698642533,69.87112002394113,0
213,232.5695625652899,0.11161825582150756,28.864598786286205,47.00863883143792,1
214,184.23653776798272,0.29180063638815756,32.49638524908191,34.35442113573009,1
215,237.94846102466337,0.24367885033200437,54.51210876111616,31.83243712906944,1
216,161.35873927312142,0.09117290073823889,25.73569073267023,45.90843017640027,1
217,188.15906966299957,0.34238261216894417,33.71861292912334,87.29657827327918,1
218,175.73182260854483,0.2613583638874165,86.063646754841,57.03438752933812,1
219,204.09370696931612,0.10545421749979744,88.3542762803521,76.82166899578954,1
220,315.73292833367543,0.33941958951777684,46.33815305312953,89.68852729969726,0
221,106.6367403704126,0.06674404650508572,84.63002147097549,56.52263000418308,0
222,234.31300951872566,0.39484478584956023,58.13772729714022,42.433029117430806,1
223,119.36420644051742,0.17015973446901886,38.88197261116369,63.612665505699766,1
224,176.40340671052832,0.6912093386389426,69.1679104756419,89.02543965889055,0
225,254.4475298483683,0.17016504307163668,66.12312646024,82.28433691895054,1
226,203.21400095477313,0.25965807209419905,89.23877233761134,34.278939818605,1
227,146.1127611035347,0.34085924943352575,38.55331011864983,75.01723200504281,1
228,164.2348145370016,0.1936145912070428,67.04416518632148,67.173338959832,1
229,233.97988744673378,0.4421189571746821,23.641662852061284,88.98510646251765,0
230,163.48166841414317,0.2918146343826823,27.955222708770357,37.96129209526932,1
231,210.82292947909875,0.0431616328618451,20.27428624657653,64.71234735830268,1
232,202.27859199519068,0.08526285170391149,89.96224767417712,87.16507507827299,1
233,167.41998261970915,0.47376583548934953,76.15915880032344,56.65154613821329,0
234,307.19720446626627,0.2739533039710695,75.07061103134785,61.329669652636355,0
235,231.69595111590056,0.23739520744884943,55.680825270172576,34.57994404835229,1
236,98.74287066711965,0.2670788820929144,41.0046958033808,48.0793366291792,0
237,209.32271573847137,0.1034879707346583,30.588499912387313,51.092932195981575,0
238,166.9106767615806,0.22795113216234186,39.92723171925246,91.43295916841765,1
239,242.6216667398112,0.2627333305254055,46.31798553503974,48.37337843517534,1
240,160.37396307836497,0.6891140409001313,72.94170678862059,59.95646779252738,0
241,194.26317792665506,0.2505649400674639,57.77632522322067,73.63478753167819,0
242,225.24936394902286,0.24464969297662237,25.42385385888379,40.541919206512034,1
243,243.2877597085061,0.2767384149382149,21.262030627123856,61.61875516422184,1
244,139.9851796472112,0.27220512050485735,27.16325256738442,78.005037565934,1
245,183.27493820795257,0.22994845690931623,48.73490995881656,86.34558884675928,1
246,176.25273444195219,0.42570532098434083,85.32350419343128,70.70685285305774,0
247,167.3335383713144,0.22271118741639412,64.61817368464551,73.48847849560161,1
248,288.27271201405483,0.4773689304451496,76.12781299128605,38.20842571799698,0
249,220.2490855480478,0.23101298651698982,52.646221615318396,91.47547232101257,1
250,136.95580228324775,0.43144353619464987,45.316625823653,38.617315036491355,0
251,245.8930973527388,0.38687976021019077,27.58802609016359,80.35374091681689,1
252,306.10780985063167,0.20867813507832503,81.31531155303435,47.213060915590724,0
253,251.62326302755736,0.09002499819996725,74.82120203195319,90.68355434058135,0
254,124.03150170229932,0.6038569167009646,31.76826683184076,76.79737005901617,0
255,175.78829635668743,0.22652332523012098,55.85823947133824,78.99789134359398,1
256,263.34555745933113,0.3042970610133372,54.116236554487145,44.238846248892415,0
257,164.61652671906097,0.16462586137498683,63.756408688057,58.79759848128545,1
258,222.19097140731142,0.1823972362349482,86.23308257938828,70.15785764830362,1
259,238.73170267146685,0.4766491048877699,60.58400092337357,80.04828518342906,0
260,153.65347642109586,0.5264086385938195,57.8152086745033,36.75735943430532,0
261,197.02373219691,0.36092031234155697,23.522605305426477,92.55374556954435,1
262,37.936632996546365,0.2509553296201303,24.403523321261673,87.86434358604615,0
263,148.7806179332855,0.3835316726535463,33.11427539287522,47.57265838221298,1
264,187.371592430342,0.19591171866205373,22.27295401842238,83.47941579710158,1
265,137.6108409017575,0.2976150813463317,72.03470268990087,63.69105499758852,1
266,281.62056519658177,0.13237350274514814,70.63312127957742,60.017421301531215,1
267,128.49293110196837,0.12631168044090502,29.523936410215008,50.438216877741354,1
268,177.9977756651508,0.35476652265808534,78.52552305566967,67.76295813105351,1
269,206.53702886430457,0.3219807096428471,30.83502243922784,77.44279265073385,0
270,272.06366445330576,0.310809260614259,41.082291089815115,56.710638822579284,1
271,128.20689244102803,0.22661352635262422,37.42838294129555,70.89924754553898,1
272,258.158187607748,0.3116613226660596,46.06149690011334,75.45533987509475,1
273,200.51165305097936,0.17217359051439798,37.82646361229733,76.22291810599359,1
274,150.92456744760244,0.041466975212824844,54.226564850691645,33.37779637852672,1
275,223.10517371316354,0.2761974130074415,48.51855169482798,85.88360736952936,1
276,209.9529847786735,0.09425356031693806,89.05986435455286,59.78646545972812,1
277,169.98915614206027,0.4118445340829866,23.914844508975797,47.05704531025394,0
278,203.49010424950094,0.5157009792685964,29.952696347114614,45.7146929861793,0
279,180.734320156912,0.6342283268293691,23.697812573602175,61.395917334856776,0
280,205.6758672625624,0.27170217319000567,63.808883648766304,87.64405006548235,1
281,233.10653372605233,0.16115555595365097,23.81564941896037,54.59259280937205,1
282,279.3008408072676,0.3019616530585536,78.55078161632863,78.73217354093032,1
283,138.10922505865756,0.24747616586330073,55.835704147734944,36.29321751416921,1
284,306.65166873281333,0.2773672197869529,56.89053372070736,60.943685639819016,0
285,102.39561002387491,0.47222499596045936,59.3116155398536,94.45959912552782,0
286,192.41074524822082,0.21903951367592533,31.95695944143475,80.0784571815019,1
287,229.41586032422882,0.25130404126245265,33.83832121801413,43.68435174863984,1
288,214.04959338675164,0.13449891422559376,42.31721260111033,62.593695790364194,1
289,168.8650240089703,0.2575375190463321,61.5447491075296,45.18560963715683,1
290,189.59388748213624,0.5758311543371692,34.708244315815016,56.6214602720631,0
291,175.34995326705837,0.17478898807467766,28.143220899328284,80.70546154277271,1
292,170.5317621527894,0.4404393990716352,87.90818204929025,80.12961299387624,0
293,242.48010485105124,0.23996872315505707,21.538727036673603,44.826524563655035,1
294,217.85077429825236,0.4457504855829945,76.18881837352151,89.9445156800659,0
295,165.3545202369673,0.41814573239418396,75.16246047025155,68.51693187971375,0
296,244.97999377166252,0.12477872464880943,40.80498796915672,54.695078912530946,0
297,215.36497604383047,0.4135696874278296,29.49386312051194,62.62581275075594,0
298,240.64310594194802,0.08552216071945434,30.194005269379637,69.32963147345333,1
299,231.48144209618061,0.10238495285184403,68.82021320660348,66.39288456997605,0
300,158.55024945389638,0.22850508874050057,64.99646137603216,61.616327309851584,1
301,171.9909479901515,0.5466614162505907,74.79219719759706,62.82063226581101,0
302,237.3646802561631,0.35108503224370974,85.62368206793732,41.4667741778126,1
303,230.51851327167324,0.13941057604626686,68.43491542866144,82.82763877980416,1
304,198.95492030179258,0.05369951548994858,30.909607558601042,65.214420796166,1
305,205.8663691654391,0.3806987361056626,37.04098317357875,38.5201910108057,1
306,263.88324478942127,0.2794224044294483,78.95356116111802,79.80021160288057,1
307,170.4214305582085,0.3066911814390244,34.6514253083946,90.6088585945278,1
308,227.3548690585019,0.34303308364673246,25.0765621868137,91.57494845040253,1
309,189.89036737830529,0.47611454437072104,69.22960378295753,53.98615260672623,0
310,189.11593983863898,0.2554704259647891,48.17684488430994,38.80859678144901,1
311,254.9388425993595,0.5012006017832084,84.40280367821325,63.69597573114923,0
312,241.27081744940148,0.15400666296079904,65.51785497655631,37.31959990769934,1
313,240.67548180003192,0.06323234040516468,26.32932844541625,90.70918220332013,1
314,265.27394035771647,0.44834545888275384,86.34995970775626,41.93267577808449,0
315,201.05019208163796,0.10997586339778063,38.09900845481721,46.42978089682566,1
316,234.0976485647482,0.29980310270744265,43.604874328440005,56.43137424752308,1
317,184.4866621703272,0.5363077304756033,48.15822895784794,54.90569045634318,0
318,216.2083176244221,0.06705426999363957,23.585700748301928,81.65308800586278,1
319,193.49284728161578,0.3373425781481131,54.75607955614234,59.66059333581255,1
320,204.8497982496359,0.06163751556213369,28.632294375270458,41.099936900216896,1
321,229.75785127184568,0.2669105924136806,48.067922868184624,47.36864320659482,1
322,159.08896583832637,0.014681933127792124,44.5496851594459,63.09237003718893,1
323,304.619363784273,0.09291290127017372,74.09880583985523,39.58450463269877,0
324,149.6991309250149,0.16208459011388984,76.22193581429119,69.75761891699091,1
325,139.2905693606134,0.05558771864927384,30.73890176723616,66.77357492582448,1
326,257.9055436750034,0.3628731421368042,45.658583116545834,76.45565056484675,1
327,239.5831346981468,0.32618555306964203,46.13472127222822,90.9507999996589,1
328,231.20599085260775,0.5516768599767246,30.598731075525954,89.29654647157511,0
329,231.417275463214,0.10991865606237472,75.89174535358333,91.49491517447404,0
330,199.38766135765428,0.21718481039517945,69.50598298347963,45.90651380654056,1
331,155.1372814257084,0.07822097883115157,33.32672504079243,38.55174493155805,1
332,203.7902279096863,0.1767688055025618,45.670533601565936,49.64798553226915,0
333,166.14191442439443,0.5954379734962468,27.406351739955994,88.18053622981046,0
334,248.75598667088755,0.39717268660938093,63.974461796513076,93.18347585052673,1
335,192.64713092489308,0.1055672064555032,28.49603471840338,85.85612181958095,1
336,158.72514016037442,0.031185910555505757,89.01539180374425,37.15115187329033,1
337,183.93070791735033,0.027957961979081927,74.64774522815037,91.58281987388656,1
338,220.6465727137812,0.36797659433535934,47.31669847087966,57.51827177780109,1
339,171.81377235980125,0.159129571300425,60.49947525955481,30.60516889955299,1
340,158.88898022167842,0.7380869638355531,83.7939271351486,58.755593148632585,0
341,212.18436057459562,0.24369917696780016,58.78694962770783,32.994496028905395,1
342,212.24832855543613,0.17097774059130702,32.21489404785686,65.35206487547265,1
343,174.65284123144352,0.08072398199878913,46.50923489068116,52.00601178340834,1
344,176.44808471908385,0.4477791997522805,79.02014055208218,60.77327068361317,0
345,211.60249686788183,0.19735165471552502,65.09491111927325,69.85607344830261,1
346,127.59578292513379,0.26147296955370153,65.55070690336602,86.47207122815831,1
347,129.62681128117225,0.2791904822094437,80.67750399819424,73.02360247067536,1
348,164.07778893737822,0.24924642287697085,82.57811402237533,58.21317645108174,1
349,189.32764241440765,0.38880045320267814,84.38548002456054,83.26281048857373,1
350,215.54537827990023,0.08983097773481848,26.63944352772093,88.8628389422536,1
351,273.7678108474776,0.2393537041475697,58.088820137417066,37.78439781809282,1
352,242.88298116010097,0.20045204994057464,71.8356664852823,64.57564354093145,1
353,192.00307350182865,0.40099694375353145,72.98487915889098,48.49327738325887,0
354,199.04918960486555,0.4674355152035755,62.470134137900274,33.05897786200158,0
355,149.87353176810956,0.12791579245418194,31.67511346285719,73.45553518240905,1
356,199.0743432003805,0.40373494198452503,75.8194387759165,86.08010053484966,0
357,185.5670680539931,0.08948655761560051,70.40779334604619,40.58867254103061,0
358,216.13592801690447,0.24781566399063273,26.02950400843254,82.80688774555352,1
359,158.63845282238384,0.26449203451846,52.466687727206335,85.4707226799012,0
360,225.96732571205862,0.4549932251283338,32.178417966526254,89.43212877332144,0
361,276.6369456501289,0.38950793387251037,43.62339319990803,47.24353079059341,1
362,194.56199257715713,0.09718177285658083,21.26567645439798,88.75694923734281,1
363,220.08558610494708,0.3828986050331805,48.02309078875308,50.843079057868096,1
364,234.5071995855556,0.297838427885603,58.491384480934734,65.90197087460768,0
365,179.9389764057082,0.5903979088514874,63.370781497896076,33.282985604098336,0
366,211.20462409052084,0.17609833187507087,66.44432415900971,32.85227074396833,0
367,200.62962003908973,0.2144134952920709,78.5403919171722,76.82425882759318,1
368,204.8838049274416,0.6204682337798468,35.0824035093011,58.89119856855642,0
369,161.3495108072267,0.48723314496000425,28.433727570692756,46.659004398999144,0
370,201.22550871294715,0.09620692451496077,79.6076020328548,42.37687724161916,1
371,224.8999145622725,0.24965580347196684,30.962897042485494,73.54697690584918,1
372,272.5571803897521,0.34123779909224605,88.23320569353368,30.026100361647092,1
373,247.96354130426033,0.4009150563139554,78.97767605790459,82.38292599779552,0
374,307.65912287557785,0.11793590761943248,55.06136241227194,35.15122439844537,0
375,161.63262185559753,0.5572754113921149,88.69949974454177,42.446824969027766,0
376,243.61603183603393,0.06294278801876782,26.816371037560295,55.10536569444082,1
377,209.1671002869176,0.12295220654768162,41.214603282257116,61.51581808154673,1
378,309.4901466608836,0.5302969759506505,64.67570905284279,53.07468252790622,0
379,159.58508573224242,0.2709993961105075,44.50048079312251,50.8462907239791,1
380,158.0139078909612,0.27708902751884185,84.98607863865543,92.65454078475724,1
381,170.0303677277989,0.301184192228817,24.59382617244723,71.70267928082063,1
382,93.80521378450966,0.14014940155761468,58.45882824426752,31.523142098880232,1
383,173.71224891596194,0.07373378490111673,61.36063871765801,57.961434048880356,1
384,162.0433669223151,0.32915651051709327,65.69096866440569,86.87556548335806,1
385,207.51968932381038,0.359768584824016,37.89663563322701,49.59465211669342,1
386,217.08779878885798,0.30977747327024047,45.519649926390514,36.146162410335236,1
387,293.8085419607943,0.18035041428788406,79.05763707654843,79.29501015334466,1
388,247.5211919093025,0.11049325801614986,33.645993827911184,69.39089907584528,1
389,171.15481721687985,0.2268526189451653,77.88074930213534,67.07031300872275,1
390,155.0792664325821,0.6389059701703222,59.38587960319197,33.482476374481514,0
391,224.59595857532528,0.24313915351568324,73.35312578358574,39.13243563670863,0
392,133.9883396489679,0.21596804604807857,69.952515638443,70.46571075385239,1
393,291.5729382927177,0.24855717435847977,34.52580467694153,43.508549694824325,1
394,258.97200603606433,0.23747045971287373,59.8168915503711,62.76455518364758,1
395,176.54121739476477,0.5319284493276698,80.74062069635647,65.41730959191057,0
396,114.34327354545613,0.39043892434622446,50.24813657613505,48.42796736761106,1
397,267.69361870827066,0.16973758904288572,87.66135391563218,91.64763511019703,1
398,194.2730077373691,0.204026175015018,51.65505700712026,84.76016694431239,1
399,261.8908155986731,0.25492632671059895,29.994994566751927,76.9542779961319,0
400,120.27861706028165,0.28906082696293733,47.26042760543713,35.06960131661159,1
401,170.03124885231136,0.14078969013769074,86.6191684473376,36.898451255086265,1
402,200.26218498590916,0.18846863488275697,42.3804594537898,62.03078748122212,1
403,202.3490296882371,0.5651992012277928,80.7668711906944,40.44636769741407,0
404,177.4967264260378,0.5441384134079766,81.68754771773229,93.58725512941581,0
405,231.14249661737495,0.20749581324893812,44.513056703237275,40.30381521178161,1
406,146.61897853087027,0.1937947313120766,25.828036063544246,61.68540930515831,1
407,192.88102574893531,0.39173659785710696,70.71905364111728,53.66786869469785,1
408,206.01478158559493,0.0549042835324885,41.80586093097902,71.56011739451637,1
409,225.72194170293744,0.513200034727355,74.80465299803006,38.38736657781262,0
410,235.5807439044445,0.16801384883050952,50.98583937823032,57.97056782275541,1
411,143.76789540810654,0.34984513829632496,53.96867196398351,47.85582713246434,1
412,123.29429146321888,0.06470899156806993,74.45365847239758,87.70384910365972,1
413,263.88384109492546,0.3992098512519557,46.765433174313955,32.63807128875518,1
414,216.61570059897957,0.3602074853627584,51.01891417260401,89.39228711041986,1
415,162.57567317217232,0.3368158164406375,46.333332813873554,84.14461900594503,1
416,277.55759877612616,0.12566751557557146,45.713836069409595,49.342096568653005,1
417,205.78373171464293,0.18674564305294103,56.81626038310216,81.30389255401181,1
418,258.96485920319134,0.3090542956810058,76.61596111508055,32.02888142201859,1
419,203.37592407050545,0.16110471655100672,45.323781834579606,92.84626076907058,1
420,303.03739624409934,0.15601939383489905,56.69783043764157,64.22867126833631,0
421,287.7670421221602,0.4891720840330514,66.95091278098207,49.713266694253946,0
422,187.55179257604632,0.0405952160464261,38.86076124125585,53.56790881865401,1
423,248.57854754771776,0.5013100171730703,39.426596343167475,34.31634797493233,0
424,232.2687974792574,0.125480123667906,85.33891889164184,94.30771841273254,1
425,268.43157787661744,0.37832624698778555,70.64742013317621,32.55397643479501,0
426,151.7538269709948,0.32221290371486117,60.40306733563162,72.56896300461084,1
427,234.30257299992195,0.12136225357209524,65.34040380944285,58.77783530091979,0
428,252.92122434247938,0.16476671994108208,22.050961017239285,91.67955418226649,1
429,112.06302567884428,0.42106902306580285,63.26720758931878,45.989983119941684,0
430,140.83707436671125,0.22306564310409913,55.66562112569413,64.58564355597073,1
431,98.03839111199497,0.7475416808203147,58.2024775845605,61.35315355787894,0
432,186.5296582777721,0.17653263115212867,45.159667878157194,75.68631886325659,1
433,235.8771127897981,0.16939987569774237,25.703172839905932,34.42066507690733,1
434,275.1178526048014,0.10123676310915995,33.53374635284365,42.596293451518065,1
435,203.70473902098877,0.15521976788527783,86.55212992488703,43.946713306035235,1
436,281.4307772785646,0.2516719879928031,48.60896935896538,77.97979906470982,0
437,130.99492708925544,0.6988438963940432,52.66782090816049,42.2940152612381,0
438,114.83087803224227,0.16287619472878653,23.68968528974073,67.27696465291348,1
439,197.22261505516906,0.03586107451957101,22.62963606807864,43.99084833256199,1
440,219.20327244696537,0.18689261626561332,70.20270129327304,86.0056217554586,1
441,198.36526259529535,0.28021975907890234,57.66662648847779,91.2420545418265,1
442,96.62789499800617,0.5039853388745347,55.60941889513867,63.70204337124563,0
443,195.54399802436058,0.2905356993774629,37.018717129586804,52.90007747359659,1
444,134.77652497475734,0.21370325400439458,72.13255121409455,45.21375537613744,1
445,233.48362744150194,0.17420404077010232,31.77656053759443,33.235765098997845,0
446,218.32991230484242,0.39919600736253635,33.2954320562714,47.4525049528372,1
447,153.00601068363224,0.2659319496638474,52.249851994379284,72.52532569644566,1
448,174.30665413316532,0.4020401338219225,40.03959034783586,64.68510053509871,0
449,147.0393239055524,0.1054043592980552,37.322408686320244,91.36268308826028,1
450,196.8660451363414,0.18962207868009487,65.16663511873321,55.75802206196054,1
451,247.75711602506192,0.3548328182831716,65.56802216529812,75.10111725134564,1
452,150.71369768322282,0.07851743073924757,77.71619488599504,61.80597858588289,1
453,225.20232577589223,0.12350488995470801,49.239599688108314,63.31745403507376,0
454,173.48711908137795,0.24137784545030638,25.115956371830517,47.40533044926764,1
455,160.3563583868828,0.4688543103047804,39.156646944502036,59.571800494729985,0
456,194.64848200227212,0.5491671814360513,88.60038242377719,60.60102480582597,0
457,148.2378838790313,0.13208665662881736,61.738100266289145,75.9317639136807,1
458,172.3175347326409,0.29893631402013454,69.68159593607142,91.1415999470974,1
459,140.10610537055757,0.5146805029932751,20.515048073779017,51.40588303636278,0
460,298.2362566458195,0.40089713682600786,56.27440125277646,32.7430304577844,0
461,201.76317759858642,0.2842255949831302,22.62700602722622,62.25918315754158,0
462,165.01372460037072,0.31754411011338207,59.846114846401356,65.38998658969595,1
463,210.6989955367111,0.13848346987034896,84.45395947452528,40.94863582357449,1
464,194.38359751545852,0.20097123645401038,87.78933913502856,79.43019940794434,1
465,188.95152002333884,0.24188964316220724,57.83868727722469,94.02039204869696,1
466,230.70833500217125,0.2295611941890383,52.074336367655114,91.47535660554996,1
467,237.87538550236525,0.2156860757163646,86.15119659739457,42.811892523537395,1
468,173.47494261947364,0.12310958018220286,67.15268823976865,86.89861059354945,1
469,171.209087967766,0.5160624858560737,24.542949567688662,75.7920863667595,0
470,186.2474151424178,0.2623139249573352,52.60079043672483,59.50002664744925,1
471,84.90394176322076,0.2309942687514944,36.81715129250127,65.13971463110738,1
472,124.24044689007239,0.09595128593448145,52.88630250140771,85.22401137385978,1
473,268.34371337222626,0.340353357371217,51.88259004044532,61.20877107649426,1
474,282.2483856750642,0.15694670027434335,60.75013619703194,54.25847899183324,1
475,187.54819802218108,0.1620025771710848,44.97393432444758,62.061087046689074,1
476,228.8278481527883,0.19459935313145535,31.498931461914964,67.64343726227818,1
477,215.5625077271768,0.3889033363849212,55.26036042129694,42.290047495592674,1
478,353.9440404227619,0.3240072686151163,78.11420190420334,88.55900246735439,0
479,255.97874557172884,0.05696068686177275,66.48085596473216,73.8221516739249,1
480,193.60412042596167,0.5068443274386882,43.68575061476511,71.16247962693677,0
481,152.22297796997873,0.30439250526781686,85.48661159312,36.46725470174148,1
482,119.67768398712137,0.2972452247392276,83.85452998744276,69.27130598121846,1
483,210.17318179336115,0.1367056096153261,34.654387956886914,37.862443045502005,1
484,162.18246273578484,0.44914011712217095,22.75923095842541,35.11534888770094,0
485,128.8873145201163,0.25181479605739426,71.89160958455335,64.27520821675557,1
486,167.67135578787367,0.16951392607312646,77.93271829444073,56.18105971302217,1
487,145.92259981928026,0.08014649270573643,87.75051961659487,68.2726675601545,1
488,284.3570817536282,0.23253705235538352,82.28854758618175,35.79944092372051,1
489,244.08198784747253,0.4841625365767797,62.037433774449035,58.0138990850718,0
490,199.60136793416913,0.1693257626556566,57.10366374486666,41.36113647793527,1
491,273.9972069445013,0.07477892700140167,21.94887358838104,94.16150558506757,1
492,203.8684153823809,0.18524232349219433,37.26595127913445,66.47476380828633,0
493,156.93578993358682,0.16796351370450527,52.17303262130485,74.68339596115638,1
494,276.15620386348286,0.2763354949660545,63.99527300584975,51.15218824436951,1
495,226.94550218423294,0.13097855154707988,59.007628332288746,36.15802946065737,0
496,148.13769228367718,0.1542500262093677,71.98451927771833,93.43160608092988,1
497,190.4830660958196,0.08993538353011882,39.58368516209286,48.60683729990691,1
498,156.21908733076214,0.3465590425511273,59.54668253567313,57.54753203628232,1
499,130.8600134517832,0.16499025374641893,26.16995703735545,72.24115491066738,1
500,246.30887737658207,0.1454381844637113,48.95658665082449,31.605324349597232,1
501,295.47083202350655,0.451163889216197,72.51125830682207,82.66684348362365,0
502,130.07162130904294,0.5292063498589319,68.53805974003308,64.87758235186033,0
503,228.14846183452855,0.37717719713879494,89.34499160205253,48.084117159473436,1
504,167.46787154390864,0.49771530922633084,39.45237881914292,34.0045190440105,0
505,175.6437308117652,0.42318456662924475,54.87325094217854,40.56239700583869,0
506,170.38030378805655,0.21733647489695554,43.06712896417977,88.17720082547339,1
507,156.8004615160092,0.10549743468741869,50.84221798414223,74.59157455583292,0
508,202.42608139724135,0.17711581607683305,79.98650909085717,46.24361190639784,0
509,158.4524941794481,0.15601042342477014,67.89463526319406,34.26404972142692,1
510,213.52284128899194,0.3583027272484148,81.77088339433072,74.88999530513135,0
511,197.48809452754315,0.2382117203777517,34.245777583232055,67.20650218790473,1
512,188.05259765667952,0.04443763713492062,81.13527824890066,56.29376908978527,1
513,154.6218168979201,0.17743415640634938,24.18335919248691,53.63474419735415,1
514,171.16143347158336,0.08105034586883751,82.20194963060067,44.09292793539204,1
515,237.7695612912878,0.23325972978998843,43.035164562250955,73.52473167493864,1
516,225.04585938121903,0.4563029734443914,42.02113433898465,93.09342180660158,0
517,151.12223776007244,0.11099512270858747,55.84620036890647,41.42149097939368,1
518,204.9666152714613,0.524107383079782,85.84831314062622,68.81258030100773,0
519,237.56935616858945,0.2494485341513156,23.344695527698377,57.57202862348845,1
520,116.52973594393141,0.35765966969172464,44.65616825495217,59.03476691340322,0
521,227.16800961899676,0.1411241998676989,79.9600392078335,46.51957320830793,1
522,166.86881205270765,0.25621935561558057,47.72381342048267,83.63376691799223,1
523,228.52993342965797,0.5239791499617252,33.94098283179469,61.54161426957067,0
524,161.83704217287416,0.4819498063691885,49.735592693198825,65.32138039288716,0
525,109.75589496677405,0.2639644320402215,46.988675104416856,49.809459331826176,1
526,118.62287810584186,0.22351415888456408,84.07913410266924,41.81755026835174,1
527,202.4042473330691,0.27642704708167387,73.33540630201679,35.58417523318333,1
528,212.98612508607408,0.32112925534140707,55.358088902080446,76.41774416011953,1
529,154.78416874477958,0.557406885681536,89.18593967050998,42.75522830971062,0
530,231.9296229388687,0.16218908617481992,52.56942718931463,74.85489802227185,1
531,116.923996886552,0.15480747939205203,24.076648157419264,55.374468993052005,1
532,196.69601006763418,0.20960392282734935,38.35920252704894,57.025362064327346,1
533,139.44919001187716,0.10686653718771086,50.524933615351884,60.49653724603016,1
534,167.40819460989204,0.36441921405229005,30.983183690228408,53.901053028290306,1
535,202.3699335658207,0.06985421523280302,86.32955884268301,36.54029851946836,1
536,156.9793317358024,0.5752524381494896,73.67942284724413,50.12606765018498,0
537,180.77222278850874,0.28165155884564697,38.780104029944084,73.14273344510599,1
538,250.31464046072202,0.37944115369394515,61.35631734625411,73.27598609547661,1
539,171.15540652384257,0.045659631002925305,70.50144099767004,48.60457997059963,1
540,241.7846056032571,0.3907392159198113,85.88952502347585,59.906670726249715,1
541,143.5146572671191,0.32590294062100394,81.71447444227874,42.57406982077593,1
542,226.49020889576414,0.3450841502829877,56.06345582967496,43.67418529943933,0
543,272.078431032895,0.23701367390107056,74.22568338551123,31.49806074642948,0
544,76.41777499363553,0.4243518655493258,59.35013276793095,88.28852574400341,0
545,160.15523722647617,0.12881200099088816,58.689272303187806,43.6959332298689,1
546,228.853606359027,0.3299114686361586,28.031937083673434,44.789702000870115,1
547,189.84773069785035,0.06675553056618239,28.829636061130643,48.174093121933566,1
548,218.55729366856545,0.10571078303232644,57.06735305157202,38.281524660202884,1
549,169.80074066420897,0.5357995621053333,38.82030814853046,71.55208740678859,0
550,204.329489373645,0.15957134377575063,21.472583172232802,34.88429195654312,1
551,192.216138230396,0.12287989871766325,70.59874427301486,38.723157711212764,1
552,258.38910308299035,0.30995644773932673,22.274061768311547,71.90918722835605,1
553,212.72104216506065,0.5006741240171694,61.66937887728382,52.077940331293775,0
554,216.8801331037601,0.19253338124350866,57.743565588912006,76.01660873557728,1
555,179.40615169387664,0.6798139772747849,87.81702834044631,66.23260840355923,0
556,175.61968879637533,0.16580692395614124,53.894919754334914,46.64137624899835,0
557,178.37209060901895,0.44532573170634104,24.452100546445816,72.30381678180632,0
558,219.72260711891485,0.28710346659034747,58.61815774645232,37.55778921903724,1
559,178.95077595898687,0.20515210248463084,78.8767319431271,64.86667490020199,1
560,214.48874284482065,0.3569482999794101,89.7794498997008,58.41462682792725,1
561,303.77003993227197,0.08720531597496316,50.12402215823508,47.411782883133654,0
562,243.5562351715846,0.23791157291652001,42.420911974771975,69.26032485306752,1
563,183.69882339160793,0.2125906368597829,83.46573078663992,86.63668350211836,0
564,260.06069610819725,0.3380474712276761,33.3869490353285,94.92880548459999,1
565,179.59623134892243,0.29052756084271986,63.080024052304864,69.50457996832259,1
566,98.0937732411073,0.3479181328972756,48.400009692666345,56.305881831396064,1
567,149.5956844541298,0.42219960770511694,22.87576554688887,44.638461514053105,0
568,106.46040394870721,0.24249642318363557,44.310193201398846,46.711245810682264,1
569,182.42432579793456,0.3024763373927353,38.56599657518722,61.164573579734764,0
570,200.92091895947758,0.5685546252018754,68.02638077604408,53.8730505832461,0
571,283.82186561376415,0.29393240112032726,86.41533483843428,89.39794397062138,1
572,216.34636868820814,0.23718069472344744,38.763303116504645,53.93920539762112,1
573,189.04497355955678,0.4348483136027772,76.80261574061772,54.27389842445331,0
574,241.47027905917446,0.24766475341982122,23.875187185688667,54.9297433082085,1
575,89.44323454960575,0.5915252921662858,57.66847070278692,84.38031367389777,0
576,211.7807279054283,0.49414273786873564,24.93850445969262,72.30124085504862,0
577,238.54325969434834,0.19275092244199293,85.38230937914476,69.92097527072802,1
578,126.07068771100792,0.21570858057122805,73.64458963901731,51.71929645495104,1
579,257.1877021603465,0.4548274324248505,66.05649378432146,83.16377149410857,0
580,216.9248203747207,0.43203347294911104,77.6727467137265,32.49365098812057,0
581,179.23560430495994,0.4727380263938699,65.32638568991142,86.60181620197736,0
582,231.63909330531425,0.2538973946761992,87.82610780220038,63.328743486605426,1
583,313.5346428902198,0.28572136176326274,69.97705635053401,55.88626526612183,0
584,209.09331275292476,0.2317922806044498,84.72610267075727,62.315873246649566,1
585,212.4110293150168,0.23320414628000993,56.19923244074466,73.38200948469901,1
586,177.0319550229878,0.16973032592208812,28.194508908730384,30.82975272366333,1
587,157.50778152676043,0.49151217411248727,56.972440499611196,86.6508706697861,0
588,241.51679082721228,0.33195877515080124,28.881097964416533,59.038069145240534,0
589,157.19580870455664,0.34270313402458813,61.47454354234835,52.29282378050508,1
590,203.57831186096962,0.47320746037150585,53.774514236936405,38.98596176621371,0
591,176.11712766174418,0.057826174727944005,63.58027784829472,58.56524933329874,0
592,223.9489912873196,0.3342823374545915,20.703288673838212,62.26098013348462,0
593,216.6831052643474,0.5055663733930453,33.638834415875486,56.23703514207605,0
594,251.87699721289496,0.10926771693672341,54.39313023384916,74.11290609874831,1
595,174.49918005726266,0.47637186210417104,86.53524931123944,57.35827436934969,0
596,186.50625323533143,0.3351520189164386,46.85263282486109,92.49214256002728,1
597,151.06181421088462,0.31131126560378347,49.706041823754425,68.95303865853347,1
598,177.78533699619442,0.31565145210422435,70.02872623046355,82.48606581737408,1
599,218.8650246522426,0.13425930596426694,62.265493010028266,37.10813370211613,1
600,237.8494308322676,0.04261251654027319,40.924830506883325,55.82393404148387,1
601,153.89173379111872,0.44024925150934274,48.75714768971994,51.89510059406493,0
602,243.480296005283,0.1195934956640864,35.23898592000627,67.01635522887847,0
603,267.78189294024753,0.2000779313230957,87.6215021391146,85.97237880399265,1
604,220.67174516118504,0.7007817975708072,29.14440670901518,35.09198415453044,0
605,293.8397906279033,0.2817555447671213,46.02857491964936,34.7173618729062,0
606,161.31054004482135,0.34926511547555156,21.808728055400785,85.27065103024393,1
607,137.76726483442914,0.18348662812958907,35.524564435348246,43.83525559249323,1
608,111.06398755478607,0.5023166737897836,74.63297968661084,73.46896153923788,0
609,274.8022155744592,0.06245007841002178,34.08226626022156,65.28707860345233,1
610,232.71828281770289,0.4354437700393007,25.604438177027593,84.13808366766992,0
611,197.22076645447726,0.0920630148030118,53.21172258911663,38.130779139366226,1
612,213.998431315991,0.6257518883853295,20.697846431416295,38.43589277196973,0
613,143.72554763508117,0.37700811694720254,25.933630809843322,66.19319341808999,1
614,322.2875989808413,0.1271719790497805,76.53381086940826,91.5146124682941,0
615,206.46105909876138,0.27435287356315835,74.00313414017245,56.974854294099025,1
616,205.46973973024464,0.38256661568693123,84.05971742834272,51.25123651655517,1
617,236.28833119493459,0.17843961982715925,79.81608051375247,69.43480600786258,0
618,224.05046158683567,0.2162905367743838,67.82228942678726,90.47915903542702,1
619,211.19420121395657,0.5209740341645329,23.6633000110464,84.40030913490054,0
620,160.4762772277344,0.279074004926693,74.79940325906603,94.70643469765929,1
621,223.57341785679978,0.48498879957497276,79.18575675883923,31.466957908154512,0
622,294.1012248237517,0.3481128642195799,75.93575020403682,37.33577940632954,1
623,267.27100230774886,0.37769730827879666,55.59353247156182,69.61540461883044,1
624,279.65933133196984,0.45526763848906865,36.30312870546372,83.33746855670023,0
625,174.43921617844074,0.564636774420852,79.17309829821087,48.54088224993983,0
626,150.51975898707096,0.13525495524082082,70.9013966818097,45.54872072222422,0
627,193.7106539950176,0.41890629703440113,88.6532822072196,81.15342695977806,0
628,202.78624561443473,0.6277239733678208,30.898481842915302,33.66482050046005,0
629,254.70957592354742,0.42330626189328024,35.79652081364385,54.00987209286804,0
630,115.37676851425903,0.3242865327317485,34.82587049170519,62.87759946850144,1
631,276.4775159730307,0.5237323534287259,75.47778373349357,66.42266383277102,0
632,192.09960507105052,0.6843643932117193,33.08351075150827,77.3599851915305,0
633,178.655946502629,0.35926527588984386,24.666188087631426,53.064972022992784,1
634,149.39478123699163,0.3939614324212918,89.89925646099401,69.82448240384946,1
635,117.25716640671153,0.3799956547644613,21.73720480116044,68.04940248141216,1
636,241.15852919809572,0.08417433653931046,78.46708421112059,65.59504654249356,1
637,203.6658983594202,0.43722711473977127,45.5756789085457,71.63141405424379,0
638,135.5019550129473,0.09410779357588527,78.91308218304707,46.86419611942496,1
639,135.2460613968192,0.3982612864989766,58.82343438478015,35.502168983000885,0
640,183.21076503549358,0.07765506645751091,83.11418606404521,37.75265868258332,1
641,283.45107626446963,0.12821245493162958,84.83350904902386,44.59785487250357,1
642,187.02043243181976,0.21425064305656616,20.636872689654318,62.51286580898104,1
643,124.8428523440947,0.18980885239554654,25.27885231949518,84.6287787854913,1
644,187.71284679570277,0.449549690409468,37.525111069959884,75.58406723574497,0
645,186.36382151261648,0.23408313613509113,66.85207914544512,81.28763927313307,1
646,65.15566785292143,0.10047468691113758,82.17905375580543,52.813415555195945,0
647,197.28525667410938,0.1752910699720822,52.195936590577396,56.30249320715576,1
648,188.4532734895661,0.31120624590899987,62.488118139198576,55.58932258938984,0
649,234.8103182406709,0.30725814341699853,33.19498969568928,42.4717569862926,1
650,292.44780474726724,0.31622983906163077,76.34767837171798,33.97908277933218,1
651,256.3282514773879,0.4493230296578294,87.71296779474288,68.40954603376974,0
652,186.55556547225848,0.4992607592612914,38.80192530402182,94.2990844223381,0
653,144.6737045629165,0.37973287476095796,54.63781661203824,40.84393082176709,1
654,328.667990162493,0.25879512048478875,26.028127735446166,33.0345132934528,0
655,202.9609217007244,0.21720650202910807,59.139565952407786,80.66955931855564,1
656,200.6964645956473,0.6337271424536701,55.19484092926764,46.41809043450707,0
657,198.79374564449984,0.3024225452045582,30.11055389085543,83.92684734794034,1
658,209.90423803839275,0.35324383153672906,50.94463491826525,75.7558833572435,1
659,192.78197940380286,0.19600880118123296,43.38732564605942,91.4687799083023,0
660,171.31689965598818,0.19460414633823603,56.52816127136325,56.58027032418368,1
661,172.65705293798038,0.12016596269169015,60.995803480015944,73.02803956429122,1
662,198.3623364892001,0.2881738348704263,20.594690502504665,60.215560752862594,1
663,172.82876144331175,0.19451076843381124,73.27041880646888,70.98826532505532,1
664,164.3577108661418,0.22190174670034968,69.91100043032185,59.223928890502926,1
665,205.32151138459483,0.49244241405815076,45.64004703445656,42.26109601756487,0
666,187.25113912895725,0.08506599782258312,23.70551548981728,63.01333204021976,1
667,275.1996494291344,0.17078468035505964,72.84527778495352,64.35797309343374,1
668,67.45150958034941,0.3275299415979275,86.86226123346927,82.68925013691046,1
669,254.57534259612308,0.3146017534698956,36.810611721540994,77.80884587658278,1
670,262.30425962488147,0.5591300431761457,42.64672296159265,73.14645555619387,0
671,96.33048837959252,0.05690746574113332,32.86690226372705,37.37016121091722,1
672,182.86562029598255,0.5215862971395819,60.38552863413878,76.84005889314147,0
673,181.42795670021042,0.11091117446247269,30.838897625321845,62.51983516304346,1
674,129.62441526410893,0.22652284530795472,44.933576042296565,88.11646984690034,1
675,161.10916562045622,0.08232379528839835,68.7909109753984,89.79161071848529,0
676,144.47120772670857,0.02033762111179792,59.20811881065439,33.58517838911605,0
677,287.6135221711811,0.515099224706211,47.05237950295547,83.34170142304112,0
678,246.78391965737305,0.1524295832997067,49.41747212652793,32.45033037747359,1
679,263.57775474970794,0.401561690342304,59.34776178362606,53.86602567017647,0
680,236.08360320216175,0.1934741652155991,20.41053095210129,65.24949841537014,1
681,143.54741143913856,0.5676055160091945,25.49569079175269,39.62655191076328,0
682,173.7739866860113,0.207457529958512,81.68806474341082,78.51039781699,1
683,224.4687280613959,0.24303279275432918,25.451529236390353,30.543055771189007,0
684,138.89360955540275,0.16867962259904035,69.47625173473537,40.9589381482124,1
685,235.6499215086194,0.11978721348434995,84.40267148763368,67.75179394047592,1
686,187.98373009209325,0.4281637369757693,38.94785230112117,76.435191532424,0
687,181.25895962252014,0.2805328520070296,45.934400594166,89.58180167510454,1
688,235.54799841017456,0.025530459181464824,59.82449840913014,75.85728237575054,1
689,222.213165574302,0.5758838933798938,81.71962787470093,73.66565256656628,0
690,181.951691709046,0.24667491342653283,85.93339110822942,55.632174512793185,1
691,257.96649016821243,0.12659141193795395,71.76942736778877,30.083487659242092,0
692,145.94683362000512,0.07690526282307505,26.063383259828584,37.81035181781543,1
693,230.7967803472132,0.13178659947560378,66.84079088743955,64.74604540914254,1
694,229.6550628984192,0.34235225040309447,48.721260531086344,73.88344257988729,1
695,184.5226780343005,0.4422870444385288,52.94906996437431,57.13413845327006,0
696,216.3066511121059,0.22902080143355766,23.440387324162394,77.49413574934536,1
697,137.44432118073485,0.8133424050014515,33.374349754245074,63.92104919659162,0
698,246.20135096034505,0.20792342426577648,75.33595252735535,34.82145271363029,1
699,190.75489317785053,0.26083444259376065,51.777118313350186,42.48105631291668,1
700,173.86384897404804,0.10952628416623476,41.116356914180415,84.5998845108563,1
701,252.45046129184448,0.25085125200039493,46.88133517754707,77.11932853058858,1
702,164.78281547286204,0.46152626905013167,79.80796593279761,88.15952915581218,0
703,129.57693518182202,0.6224521206393593,72.42993121834698,37.641221192860876,0
704,122.16854132380482,0.3984798933684013,39.062077802675795,94.3644647499798,1
705,230.30049756728198,0.058734322284688646,28.22512881486613,43.61143640674568,1
706,135.97853237518586,0.09968586243360074,37.63987551508502,30.76569195863173,1
707,287.7397090992182,0.05874538677015844,84.45295157383136,94.83249103848102,1
708,95.9035296058139,0.14049481279644285,60.71121864948287,48.26980255393235,1
709,284.8228184145019,0.18135617969878268,57.3436146121348,73.4212644133164,1
710,210.5508733601309,0.12077322769540527,61.74755197847231,41.48435042145984,1
711,195.16434440648038,0.3803905055871858,45.621978602256064,67.71485459294422,0
712,172.7540456595525,0.11550874706878707,76.4974914223659,88.76227411954636,1
713,219.95680571760354,0.3442408863859198,56.630037451017486,50.81177588284851,1
714,198.11826487875757,0.4240345061051237,28.172353193815688,73.56650844288335,0
715,255.16509410082608,0.22282399733200586,29.034558738034406,42.21373327189707,1
716,205.711382433102,0.49661588793271977,57.58014025518328,70.61170091671714,0
717,207.5150880730939,0.3672419812866422,85.55991526495875,51.86927286813816,1
718,181.81938938930722,0.1766046090707247,41.58464851733391,43.72853680821686,0
719,197.15271881394662,0.25806347299908466,80.86788182014527,50.35683329573628,1
720,215.39008844460295,0.18946469672779903,73.48669106052155,41.62466945300696,0
721,114.49158036716872,0.41553989542792674,37.34687100348348,88.62454700946239,0
722,132.59072889471435,0.3736665773648109,22.543852382136972,55.817147610613375,1
723,237.16320470113575,0.31574326822413956,27.12930855996679,45.94315482333388,1
724,208.54327190639708,0.08399329541065491,70.99457536932081,59.14650966603564,0
725,190.80083318236603,0.17040026056912042,33.97688166284527,50.83485084242221,0
726,200.92169665326966,0.1477675605532415,45.98896443537757,78.38725149786619,1
727,217.37908526808354,0.039946971742571044,55.11894162044974,93.12929427255713,1
728,173.01201598453193,0.10329415178606531,70.78277179151141,58.472187685347045,1
729,161.08476372988437,0.10515294927659564,27.926185628138775,85.96717099819563,0
730,209.79226275488406,0.22786647909438923,48.4456483694223,66.78109978137527,1
731,151.0813611192484,0.40368453719585895,53.95510363998868,40.22031823112518,0
732,220.4126377857236,0.18541250912330293,57.85789447800778,74.8904782352872,1
733,114.87081978810798,0.23563203212078124,77.28524489766517,63.37324231317831,1
734,251.45778186628218,0.23568719520267642,32.017473653025185,72.28942401138673,1
735,223.62987412065215,0.2556894500410284,76.54820162786356,87.82968181715822,1
736,212.80148671569378,0.27731658935159587,68.50148993876564,58.628247092642994,0
737,249.1345491972757,0.4929038584246122,58.91095699392715,88.57654550912812,0
738,283.27372222312886,0.22461636012846697,68.96695092818004,78.79348592830758,1
739,250.7185032509065,0.4978941595164927,48.84124172661595,61.75932018206901,0
740,107.95628843341774,0.2708167713466874,29.68783101776872,69.20943881776765,1
741,136.02115166321494,0.2447966527292512,66.60356681857571,51.162773613735745,1
742,168.75907111521605,0.7069398340941843,56.72706146799356,93.93382448302032,0
743,201.3045525105417,0.4405181037535751,64.75623603799428,73.37782559827573,0
744,225.88295102345614,0.04283204593560013,43.6599146719943,32.85004541228094,1
745,163.71280934232672,0.3382887652701045,83.48066041378851,51.230423873620566,1
746,209.33833822385392,0.1093125928188253,61.11589080029039,70.51543819433874,1
747,162.23085338233386,0.2790779756873904,25.978173900361167,33.66166305695059,1
748,169.4241098504026,0.12319567633573482,51.48627934931001,31.55247243574428,1
749,129.66694515758888,0.31085490028701984,72.9449238320544,59.251575569307164,1
750,153.8383376944548,0.5807638662086987,75.58941932125907,51.62486168002355,0
751,132.41576971918332,0.3520188680892029,54.62179369346311,58.48940952215578,1
752,151.20633735113336,0.21162448830095731,82.63232995819108,47.07506514220034,1
753,252.682089830392,0.19060156650468274,38.73679060360083,40.70665355129376,1
754,152.53005555840286,0.5287406174504465,48.741908806678666,74.79431820372196,0
755,331.61910324186954,0.3441654266410305,82.9017837398279,63.447122557407035,0
756,224.66589504404448,0.509483025220101,82.73797015301052,43.01002373120885,0
757,209.2418061847437,0.3888300984943921,67.99989381772767,50.77331270689989,1
758,157.08211099093933,0.24862235523960224,80.12863829855542,68.46751399811617,1
759,235.01549397044957,0.32585022418213927,26.214128686936284,34.69490763771106,1
760,171.2181086881113,0.6161490898475421,80.54964833454434,39.58444560230167,0
761,206.10049073226807,0.2637367830498125,42.44339345851587,34.76096426698036,1
762,328.00422691343977,0.18218694455348772,32.483205869975144,82.80062662641772,0
763,195.1970050137675,0.171892970512924,36.75588854394324,78.9066001587806,1
764,257.4636663142838,0.39670589681207996,49.2577955609721,78.96534057215172,1
765,164.84117874370563,0.2024517443898647,37.583440322312704,76.56114732594182,1
766,198.25057547515192,0.22863765281597825,42.439731021154934,73.5100525385415,1
767,288.5400317817755,0.46349070456281477,29.448494025014945,61.00447449958138,0
768,168.65164711061163,0.10118673151915425,40.73237358912989,71.74808062796248,0
769,290.62242789984646,0.2799184058289093,60.05986701794008,32.49350106121835,1
770,235.38759677277378,0.4914679824608622,50.92975956637447,70.39518747269099,0
771,171.8766612052866,0.31599410767455666,44.27031328651378,80.56205085989703,1
772,231.62038695277604,0.2817194221228608,72.25164901999798,62.52329342498536,1
773,248.6277224813365,0.3774191190742991,82.54569799753224,53.2383663477704,1
774,231.0904981108598,0.3231700330669986,72.97524560316779,48.03273776206365,1
775,121.48876400547718,0.2453787438648542,43.240049148237546,71.78213326053536,1
776,163.64314120875656,0.05079942872190077,72.11095174862876,75.03207791094407,1
777,187.62406822242477,0.3893073782684028,30.638612773183585,86.61289399106528,1
778,196.2783285449977,0.09094489894008022,29.122259166390364,52.25171535996439,1
779,231.0336048775339,0.40660733444171865,44.19389259253113,80.03519998006306,0
780,208.88505004666268,0.04913317291823275,76.53916583308398,66.48812857230696,1
781,133.23278206449493,0.13406080555620095,37.24437730696113,87.38437189407514,1
782,219.00989255029816,0.3113574232014944,24.42773862290757,64.30778703921536,1
783,230.52928726419117,0.23475450753864355,29.219667464444857,63.64593884586787,1
784,227.989522396552,0.20655144744303597,80.1121477970706,67.56201029365909,1
785,254.0390362777311,0.6816552682617121,64.36482993231013,78.70549808425824,0
786,241.6961077274452,0.4125868136483029,37.72408143589837,92.70488112384996,0
787,222.95900396142184,0.053121042959720026,58.87070777297269,34.781618024024766,1
788,196.49171442706765,0.49061904250908245,56.93057356977453,33.47324915541611,0
789,116.95195332420043,0.4547962996448925,65.88051849084628,90.940771931477,0
790,221.4809109566293,0.36081494259459335,36.32312880951314,64.4419156586834,1
791,210.38438435815556,0.18806662822322226,80.50820910360784,69.96869594685084,1
792,213.57894185976866,0.396148132078496,41.6557993456009,61.35753410365737,1
793,136.16257120898453,0.2841761625924747,68.58921577833658,36.08773441948584,1
794,145.94717297958687,0.4365609916533659,21.12872524605504,79.92580959721332,0
795,252.6576426666452,0.14190926688076597,46.085999092590306,78.56960193075815,1
796,198.02224230716726,0.17512991611967793,44.61968725711658,50.26071589703278,1
797,234.07503486863123,0.10939522362794184,58.04391000081102,49.90555093984602,1
798,201.41591880652305,0.15094659543979538,25.091538324403757,84.4596897588587,1
799,201.48780697478725,0.19977115884535762,75.30919616082758,34.70322175318623,1
800,246.9141902987999,0.32373719499724907,35.2446561237298,87.27183464317679,1
801,174.1977635891313,0.15229284112134703,67.39264704174072,46.68300984323444,1
802,204.80603884704917,0.27150653100697675,76.22484862708652,68.5440086041071,1
803,176.8862355647479,0.48509930163334536,59.33138693690592,90.83962163511555,0
804,178.27518862838423,0.35969416552293865,71.86182447053898,74.07796259988203,1
805,184.54139382656803,0.19668016242726186,66.33022185505038,56.93793781035738,0
806,211.10668858168563,0.015531497830961472,44.887085800640534,74.81972357885198,1
807,176.06256891682614,0.2799801593212404,76.62009773234956,52.35867636056406,1
808,262.78780627867604,0.18606212320601692,40.62909589198696,48.021797062697104,1
809,155.26963488902481,0.11690970530073955,59.9849042426062,94.78441306575418,0
810,190.65641779193206,0.28672806899006137,72.17784173990776,78.8013650266862,1
811,178.01344708629125,0.4524646695830735,46.52691368687553,71.90679852981815,0
812,272.3488942176866,0.17178147128900662,41.19373253321975,53.09382680925572,1
813,209.82773882557873,0.4198229253993504,52.15422071209759,33.19545389507813,0
814,251.59222697343174,0.23346542109232404,77.25744460444075,32.01869694228512,1
815,125.7219813481514,0.3430824449809528,85.09452342019654,66.02178160417192,1
816,213.35251329346295,0.4799059691988199,58.15583890019231,79.53212686753832,0
817,244.48153978117185,0.015933791449791294,66.30263437265563,64.92964737885058,1
818,204.1141994637712,0.35244812387156554,83.22915355672399,84.65102967604244,1
819,253.27401875326757,0.6577252418827442,26.898279598905965,32.172724651059404,0
820,174.1355774949814,0.5379363637806488,36.24550045063155,53.838884967686106,0
821,270.46737200927896,0.12275555219550162,69.62300043761077,45.409575426321574,1
822,314.9449061809625,0.3162967511292953,77.66211233386097,59.07274293021293,0
823,181.85807197801705,0.7182985797189214,79.99203198314046,34.704465557617965,0
824,177.7248739299614,0.2096374939492888,49.05750237984528,92.01855670211972,1
825,272.66922385588504,0.47984139810788023,26.25379316043068,44.51160106950846,0
826,278.97860728653563,0.30096354758337374,50.64470341097339,89.95000540643301,1
827,173.85699864233658,0.21998463055148423,36.15142131449376,57.68305507738432,0
828,178.99065914520713,0.47774106931540994,40.38375184976369,94.05906866158917,0
829,185.91076955697463,0.4771332841901341,74.0587289786254,66.0137949249137,0
830,132.77747444828614,0.13018424985566324,25.28689602181208,90.50413617142749,1
831,154.0674026757901,0.5303993887030928,77.93068522364915,30.347684265124485,0
832,149.7929616623966,0.0053680844501438315,49.93683600769184,78.63552240175851,1
833,161.6101217447936,0.2142283776069361,61.724475177041654,88.6982924516635,0
834,198.26575563066095,0.29078800334020394,26.275656186497528,39.08183685363201,1
835,211.71073662682605,0.21064687555536693,43.615135485009574,36.24818036258985,1
836,277.52502464070386,0.2798311894927176,26.279064331039205,57.597219467087115,1
837,150.08229796306046,0.18351478160566112,87.30806060167767,90.68912889864077,1
838,249.21611992382918,0.26322314115715506,76.50831545283754,65.25512641237852,1
839,189.30055778872455,0.42006642843461356,52.174292804952216,64.28467014191258,0
840,197.52681451737834,0.27754244114871157,35.65217838265698,39.17319768945592,1
841,233.7409746083302,0.6236265478175447,85.34185736748965,30.051318221059223,0
842,143.86389892188507,0.2746747326009883,44.12176170088802,82.65910589845498,1
843,219.12048730920253,0.23117562051690402,31.268910218116233,35.69234659410549,1
844,208.3226104106528,0.7501009462025124,59.42150719177684,71.20023821779606,0
845,224.62256320040746,0.48770314027533535,86.06418842413713,89.45006954348744,0
846,214.4584321953909,0.38579893959303424,20.26812033502258,43.56237435529802,1
847,322.7650069955447,0.06754745429414084,36.66873902777991,73.2427343553992,0
848,168.1130007874342,0.5795435339820293,85.69133482872853,35.115407485988115,0
849,173.4501522499091,0.4220781732681007,31.97601768000134,69.24408434944485,0
850,168.84297367876178,0.1076063974617847,27.92704161478739,40.65556186195818,1
851,172.22614404198725,0.3737010222714219,59.91310510598631,77.83698143348657,1
852,168.13064363467413,0.13742430887514978,80.3290676306381,49.58003416160403,1
853,259.4508265553776,0.5327875402080797,53.39768723857483,60.12041557230201,0
854,271.0252123994927,0.5502437465751491,89.61949796791673,68.96298523179541,0
855,171.4626853125262,0.45279732056725525,67.5420189676595,41.13277169330557,0
856,158.38222134478855,0.18582648585372022,25.185243504731343,78.20645821014536,1
857,223.5707778193202,0.43911412045465,89.49824921773828,49.671622141392945,0
858,172.38884778595144,0.08755286918647076,48.55259657461333,73.05417089432898,1
859,231.64659088777555,0.30255530983062434,40.118177369183776,40.28839829545929,1
860,210.14615104256498,0.22692574261383391,59.05154285045199,74.72764784841277,1
861,124.2127942501384,0.22079468487527212,41.3015314274605,38.33222473268001,1
862,277.3752600665031,0.0932182061227306,26.052025498410664,57.648172257548936,1
863,289.7938836547761,0.29187932762260266,20.099984015542372,46.068394793027,0
864,169.36056547578067,0.12935005514766454,51.470834704418365,78.64439121283186,0
865,180.6149220032008,0.19306595004172766,78.58043955586146,47.03227529294685,1
866,214.29326953624525,0.3841686148129106,60.06206299410536,87.31162491570075,1
867,216.72283949935124,0.2900182703688738,89.94451092604086,87.96831374142982,1
868,232.92721363364151,0.19685360478657662,40.079265195304,42.76868548948108,1
869,300.5102269383175,0.1316670998839262,39.63185453320388,69.89998642550208,0
870,191.15263862529753,0.34576405728229137,31.182462216376095,35.70164671179768,1
871,160.08513777307732,0.35987407068966043,31.48445117857346,55.449911474105896,1
872,131.03403859927363,0.16974687545557585,39.96306172070335,76.3659124175827,0
873,163.45349800290404,0.20723311870103758,75.4988031691469,72.86251104524456,1
874,198.34365135631015,0.2979050442506653,83.40297534455135,70.60554351142952,1
875,289.7278931758894,0.12899233875418872,88.2561018795377,48.365156138058836,1
876,174.11943504819143,0.3257121702747576,36.260275786751684,54.57162171323613,1
877,211.18939758194492,0.11183973069886616,81.69082819298642,36.6914994055186,1
878,199.1788551963624,0.14440003664758458,42.97785624941359,76.73648332818406,1
879,259.4196636724042,0.007274704741306602,27.89883811618191,62.75277179143278,1
880,326.3466212936811,0.13863910240454763,80.9017447864116,76.06976610246755,0
881,173.45656135398397,0.0468492653975621,64.5273944250533,46.18132911179673,1
882,175.52802787408888,0.20079260746707878,31.53116272567432,51.088484861279305,1
883,252.2080438534536,0.17154965153338303,50.08818802591018,51.72399692190746,0
884,234.09457448131556,0.05177184339479075,40.108038641394735,31.673256633569054,1
885,292.3353662868017,0.27036668637481137,71.5756198097138,52.16811173399053,0
886,229.1964092662982,0.5279243840181365,51.739136143698765,82.21479727867218,0
887,182.035395460647,0.6678969467219104,89.24959615744694,88.324402223733,0
888,229.53274153461547,0.06144969359913295,23.83214875817166,63.684190516335285,1
889,255.4351790291454,0.3090567782564249,44.85106862953727,59.607610189249314,1
890,241.0241090598682,0.3527065663574891,53.733011697698416,32.003600215459066,0
891,225.36370155536488,0.40359326057619216,55.21934883238239,87.14828194304988,0
892,253.3337344794577,0.21443261539524658,42.11550756699457,30.845663872681726,1
893,258.4647795222836,0.34084369794317704,71.04681743682977,91.40875521366377,1
894,269.10794955187635,0.41236108761951057,81.23229514422823,61.7990561647259,0
895,232.43549437948212,0.5724359543433041,85.7103511384504,52.22574208235723,0
896,191.64409598415727,0.2929788735913856,76.35653637596684,90.0741982647729,1
897,207.33568432166615,0.03928016313148428,79.54061381146195,31.585414552156287,1
898,260.3254483254178,0.22325775316575855,58.538171043399686,67.79261816649066,1
899,159.15321645063818,0.3399068359357701,77.81217584987702,65.68061409245695,0
900,218.43366544364505,0.18368118718776022,41.24527364035666,44.25582607873984,1
901,180.33305938363196,0.3885662769655529,47.89351334764501,57.87768303776369,1
902,201.4372411467409,0.08462733526759525,42.183910967298104,72.39716038634506,1
903,263.92259313036493,0.6434052833138456,52.71711348135478,77.26352779732528,0
904,209.55495340099517,0.17970506049704416,39.99057313670455,30.046595815927684,1
905,202.32182740780743,0.0990454947431122,87.31280095781128,90.89547295591599,1
906,132.00719295100404,0.1320147770620504,41.89912396039677,40.69414920553281,1
907,237.31267830136102,0.4865241768823066,26.86311766776579,45.18272822445335,0
908,232.27420905705378,0.14214708714319613,56.87720162352894,47.125773970100134,1
909,308.16273616527303,0.3203225821877145,23.996935491162347,32.458308875882295,0
910,184.61108825234996,0.5834896095027,27.738021641600636,37.99838803337112,0
911,210.95751638319695,0.12776866366844378,35.35725724373724,94.11274499137053,1
912,212.46918418553776,0.5111639862554721,52.504517491749915,50.48908792952359,0
913,278.8726639881737,0.40875435210312244,50.32756526163195,37.49457087203821,0
914,195.2352233806524,0.04062935717394039,75.97843034019539,36.95443197635051,1
915,213.95107628851696,0.43840097094062275,71.76322577188793,76.76489789854817,0
916,230.39482548582697,0.44352682389611603,49.842280579349094,85.54696316212166,0
917,209.3304561578179,0.035930195465749236,43.35929453029409,46.70189946805054,1
918,177.67831927247357,0.25996915860043185,42.1528148843049,31.35911830179027,1
919,209.7044996449154,0.2884957018176471,74.17965611058062,44.500851198948126,1
920,253.6815874929886,0.20906870283677964,23.64506843548888,33.67351990178923,1
921,148.674235029447,0.18510293303371547,20.89751546574241,36.720670880952696,1
922,206.64848370734381,0.07187748488844417,75.68810743486537,58.048027790096754,1
923,164.99395925304134,0.34772456456415163,53.40024631923345,44.94469410600612,1
924,259.7523314462421,0.009063576455491072,29.16167969875032,63.53648210415252,1
925,123.84065476081126,0.2707572855994038,36.489615421615085,46.47709396171737,1
926,172.05390763642058,0.2061700110820898,85.27527671681678,91.1349245716916,1
927,218.86059375322606,0.23538928965900957,80.16520829374286,88.88635791520718,1
928,278.27620146171705,0.37027859563450843,69.68495351567807,66.84239682568028,1
929,196.71248694635062,0.20744051778707873,53.75576612361286,53.0375594791801,1
930,172.2400236653401,0.33200075489313624,56.422653833397,54.77454733225781,0
931,294.0578534720295,0.24355644163812606,88.2671174698771,56.7703984043923,1
932,127.5993049791878,0.18292874408417037,87.60393107190009,77.29265593877136,1
933,90.0597021689959,0.26544838867192205,35.0688332050084,59.35653470872447,0
934,222.00072250266663,0.3712972710645472,76.77731964137226,85.68744652288333,1
935,174.89728878236946,0.3393430997282359,33.806986631691174,91.36616108547369,1
936,148.93835914346434,0.01610866484751807,34.947623451876595,51.8364999696307,1
937,235.41782236496766,0.3700401819965376,67.32651239152037,66.44514128941921,1
938,212.19003568855993,0.3093305217887315,48.35007690112839,36.17867489411669,1
939,171.79606846316358,0.034376929980175934,85.20810849745641,43.03048810481334,1
940,135.9847800664553,0.4080696401915166,26.230681442720616,56.87527483616041,0
941,243.62286641400723,0.28691050458305856,55.80679485666451,43.40317653361562,1
942,232.51005889793305,0.6273568756267822,84.29650713101849,86.97643190126664,0
943,195.04120681103086,0.13000318586576287,83.28795623356535,40.288606643841376,0
944,292.3318498023833,0.36834962922318115,30.957044939101884,59.61795340095098,1
945,146.49576168369236,0.20681781732201704,45.664639006751955,69.37045062989192,1
946,123.72374145376305,0.5017603426553671,63.33849800326874,74.9711540304549,0
947,165.40459650593777,0.25704534872496765,31.157641933998153,54.89950903222294,0
948,197.7206991822251,0.6041340990775811,87.7615520432017,86.49143946710736,0
949,212.16697246613458,0.07846811578243269,84.03245301093622,66.94074482006516,1
950,187.9381971071835,0.29559458383927883,31.68651253241284,58.56800572909087,0
951,217.60276982571483,0.36847770164693944,28.48088228826898,34.37064121338238,1
952,137.4230287904778,0.39310715634519816,25.978593796578572,60.204815448935726,0
953,272.18823020366295,0.529186384271065,83.66105648256418,83.34782965302247,0
954,195.89244108037155,0.30996582592299404,33.55366668568226,69.9451661843855,1
955,255.8647915794064,0.0567761306426929,49.13994499810483,84.09055949239269,0
956,217.13626731888522,0.15550031250253407,51.41959559564021,62.110758588954866,1
957,222.8376609576892,0.0949941831727461,61.93077309494973,37.70001083114132,1
958,228.4883640116102,0.6594625321905624,25.021474062319747,30.88658997933227,0
959,222.38542800086574,0.23492957049674604,35.873103218036114,49.70927053670843,0
960,232.1361379933772,0.2024783509487901,85.20432708432482,75.36938064735651,1
961,266.4576265066216,0.34119850118462985,83.58870750879987,81.36689375621009,1
962,209.8260584850735,0.3712930873250693,74.69034531839846,49.22393425032141,1
963,235.4501878794256,0.2579043518687058,21.35808719327508,62.217504857411065,1
964,195.51321528563867,0.32843642335088175,42.89047379472714,57.372728788215305,1
965,272.0058607724736,0.4197319573933808,63.95711147400355,56.68398098284281,0
966,166.1803848970365,0.13084133584036514,39.26331482414329,45.03766635800978,1
967,290.0470216455408,0.32750574850149805,83.67106865376442,38.8641218269148,1
968,197.99210246778284,0.3090666018759184,64.37226232827093,42.78475628502885,1
969,128.4612448940976,0.4432956418443808,25.033470212151194,33.5966051656175,0
970,206.40522074553945,0.45195397183953334,83.63039121849921,42.878498218532506,0
971,165.94741712625597,0.17662501625710236,87.04366607233558,30.598058345649665,0
972,242.0321774494362,0.06628959192412616,25.439869287420784,70.77179604133859,1
973,167.36880103488045,0.2660565893616861,57.26521644029204,50.564401480199386,1
974,177.690828339261,0.350135842218205,41.235499754991935,93.25440624274907,1
975,105.52296345272345,0.5160959312188699,47.498735353698166,42.59160830045936,0
976,177.38468403754615,0.1097055673936324,32.575585256873936,52.4788570701236,1
977,78.80603366855216,0.06263991629038376,60.465047140868876,53.25967531169966,1
978,120.80485882571384,0.13255741096760387,87.05855472742235,30.549347244059934,1
979,238.02073280721487,0.05832776626883096,55.215082019012634,84.54851694756483,0
980,239.2900079325416,0.32540251244543544,25.80402069761368,32.07963990938111,1
981,221.27287808924825,0.28860452011995313,63.40009334341859,91.11168925740068,1
982,151.65119284353935,0.35318268862041563,43.81560961158799,87.98483282108535,1
983,197.614432192901,0.13398942398866828,79.91476327139085,64.80892454558763,0
984,199.81987304547158,0.4067854267970843,50.42747038215292,65.33371236923398,0
985,142.08176554037286,0.15629445451515767,33.498772625957194,72.49556499215016,1
986,275.1699150883575,0.29695838258246554,33.377393588380144,55.158250775767655,1
987,243.86811452878356,0.6434014985611503,73.81349265048122,72.0694484208606,0
988,188.95179130851682,0.14212150321881287,38.591131881515196,32.90994526475165,1
989,201.34429194972654,0.16699735743790217,73.70633759114561,33.513095777732225,1
990,210.41914039737762,0.12969655149386994,34.41211175366196,59.71997727527038,1
991,97.91325657878546,0.1782872715496214,42.51804580909166,65.72544957189227,1
992,187.64113087397016,0.1707652951825317,52.584088070778954,87.70814662182823,1
993,165.90078760011008,0.18526477559652793,86.02370947854155,36.80294120401326,1
994,149.91899950525422,0.21893111788688133,85.22119973276773,83.47211526760282,1
995,185.94498535570224,0.3382750971926416,34.48103127956014,43.65307692398452,1
996,289.88432634247613,0.4604493989406266,45.075332887015094,55.61543715315207,0
997,232.0421430633505,0.30110227435041076,30.457957191764063,50.579158263781835,1
998,171.44105051086015,0.24097964885512327,55.6989555519448,56.01009273625093,1
999,228.62913906780793,0.041859411542165034,52.24077854862666,39.78220737471806,1
